id;name;pronunciation;meaning;description
1;Ergonomic ivory;bypassing connecting;Syrian Arab Republic Table;Dominican Republic mission-critical Coordinator
2;B2B Idaho;plug-and-play;New Hampshire;collaborative withdrawal
3;Somoni;Proactive USB;Automotive initiatives;Street
4;Shirt Malagasy Ariary;ROI;withdrawal;Optimization driver overriding
5;Direct Tanzanian Shilling;Car primary;Checking Account bypassing deposit;invoice Pizza Dominica
6;invoice Singapore;mobile next-generation value-added;fuchsia;foreground Louisiana
7;functionalities Steel synergize;Guyana online neural-net;optimal indexing;pixel Regional
8;Plastic;Internal;indexing architecture;Corporate Internal recontextualize
9;service-desk program;Jordanian Dinar mint green;sensor;Oval circuit program
10;Shoes;Designer;Nicaragua;transition revolutionize
