id;email;name;avatar;avatar_content_type;created_dt
1;"<&(s@{#FXA.sk";relationships Self-enabling;../fake-data/blob/hipster.png;image/png;2021-01-06T19:44:03
2;"sL@\Cb.A";CheeseXX;../fake-data/blob/hipster.png;image/png;2021-01-07T18:02:50
3;".[UC@:.Vdn_t";user-centric auxiliary support;../fake-data/blob/hipster.png;image/png;2021-01-07T09:48:50
4;"Y=Yx@(.x";GenericX;../fake-data/blob/hipster.png;image/png;2021-01-07T00:53:09
5;"-\C.wd@M:/oAG.v.uoG";out-of-the-box Minnesota Applications;../fake-data/blob/hipster.png;image/png;2021-01-06T20:57:21
6;"%Ji{A@9P%p#.R6L";Branding Bedfordshire;../fake-data/blob/hipster.png;image/png;2021-01-07T04:13:42
7;"m@o2.|,";Borders Central African Republic Fantastic Cotton Bacon;../fake-data/blob/hipster.png;image/png;2021-01-07T07:57:57
8;"|@tOIbh`.>5!gko";CliffXXX;../fake-data/blob/hipster.png;image/png;2021-01-07T07:17:39
9;"?@iW.\";International;../fake-data/blob/hipster.png;image/png;2021-01-07T13:23:01
10;"}0@4=t.`<n^1v";transmitter Planner Bangladesh;../fake-data/blob/hipster.png;image/png;2021-01-07T04:52:04
